<?xml version="1.0" encoding="UTF-8" standalone="yes"?>
<addon id="repository.KodiMania" name="Repositório KodiMania" version="1.0" provider-name="KodiMania">
    <extension point="xbmc.addon.repository" name="KodiMania">
        <info>https://raw.githubusercontent.com/neitzke11/addons/master/addons.xml</info>
        <checksum>https://raw.githubusercontent.com/neitzke11/addons/master/addons.xml.md5</checksum>
        <datadir zip="true">https://raw.githubusercontent.com/neitzke11/addons/master/</datadir>
    </extension>
    <extension point="xbmc.addon.metadata">
        <summary>Repositório KodiMania</summary>
        <description>Tudo que você precisa, em um só lugar.</description>
        <disclaimer></disclaimer>
        <platform>all</platform>
    </extension>
</addon>
