<?xml version="1.0" encoding="UTF-8" standalone="yes"?>
<addon id="plugin.video.Neitzke"
       name="[B][COLOR gold]N[COLOR blue]E[/COLOR][COLOR lime]I[/COLOR][COLOR red]T[/COLOR][COLOR magenta]Z[/COLOR][COLOR white]KE[/B][/COLOR]"
       version="0.4"
       provider-name="Equipe Neitzke">
  <requires>
    <import addon="xbmc.python" version="2.1.0"/>
    <import addon="script.module.beautifulsoup" version="3.2.1"/>
    <import addon="script.module.simple.downloader" version="0.9.4"/>
    <import addon="script.module.beautifulsoup4"/>
    <import addon="script.module.requests"/>
    <import addon="script.module.httplib2"/>
    <import addon="script.module.youtube.dl" optional="true"/>
    <import addon="plugin.video.youtube"/>
    <import addon="script.module.urlresolver" optional="true"/>
    <import addon="script.module.simplejson"/>	
	<import addon="script.module.livestreamer" optional="true"/>
    <import addon="plugin.video.f4mTester" version="3.0.1.1"/>
	<import addon="script.video.F4mProxy" version="3.0.1.1"/>	
  </requires>
  <extension point="xbmc.python.pluginsource" library="default.py">
        <provides>video</provides>
  </extension>
  <extension point="xbmc.addon.metadata">
    <summary lang="en"></summary>
    <description lang="en"></description>
    <platform>all</platform>
  </extension>
</addon>

